{"cameraMode":{"drawMode":0,"name":"Shaded","section":"Shading Mode"},"sceneLighting":false,"audioPlay":false,"sceneViewState":{"showFog":true,"showMaterialUpdate":false,"showSkybox":false,"showFlares":true,"showImageEffects":true,"showParticleSystems":true},"in2DMode":false,"pivot":{"x":0.29004335403442385,"y":-0.2892150282859802,"z":-0.056810323148965839},"rotation":{"x":-0.3431437015533447,"y":0.32723233103752139,"z":-0.1289234757423401,"w":-0.8709590435028076},"size":4.657884120941162,"orthographic":false}